{"cameraMode":{"drawMode":0,"name":"Shaded","section":"Shading Mode"},"sceneLighting":true,"audioPlay":false,"sceneViewState":{"showFog":true,"showMaterialUpdate":false,"showSkybox":true,"showFlares":true,"showImageEffects":true,"showParticleSystems":true},"in2DMode":false,"pivot":{"x":1.309999942779541,"y":5.570000171661377,"z":-16.799999237060548},"rotation":{"x":0.2135019600391388,"y":-0.31980085372924807,"z":0.07420489937067032,"w":0.920129656791687},"size":16.824737548828126,"orthographic":false}